"Sector","Emissions","year",".fitted",".resid",".hat",".sigma",".cooksd",".std.resid"
"Energy",217.6022,1990,204.787674384233,12.8145256157665,0.135467980295636,20.6670204200983,0.0356016247319593,0.674096574708031
"Energy",214.3175,1991,202.611809879581,11.7056901204186,0.121237000547336,20.6999123511457,0.0257321435217144,0.610760961351293
"Energy",202.4692,1992,200.435945374928,2.03325462507155,0.108100711548979,20.8455764482472,0.000672002233160614,0.105303786650288
"Energy",184.9972,1993,198.260080870276,-13.2628808702764,0.0960591133004855,20.6625166161663,0.0247357173905697,-0.682304101023757
"Energy",180.7216,1994,196.084216365624,-15.3626163656243,0.0851122058018549,20.6010879208816,0.0287062729991195,-0.785581770356727
"Energy",178.162,1995,193.908351860971,-15.7463518609713,0.0752599890530875,20.5912212460209,0.0261020740653795,-0.800903618157407
"Energy",177.9606,1996,191.732487356319,-13.7718873563193,0.0665024630541831,20.6542102254113,0.0173136471466885,-0.697183342090549
"Energy",164.5542,1997,189.556622851667,-25.0024228516673,0.0588396278051418,20.2028552905711,0.0496703366906181,-1.26055096067404
"Energy",170.8155,1998,187.380758347014,-16.5652583470143,0.0522714833059635,20.5704098382412,0.0191022099838652,-0.832274076220681
"Energy",163.2075,1999,185.204893842362,-21.9973938423622,0.0467980295566484,20.3572538896142,0.0298119528946295,-1.10201851977093
"Energy",176.0058,2000,183.029029337709,-7.0232293377093,0.0424192665571963,20.8005536731032,0.00272945738084519,-0.351042160423147
"Energy",186.9696,2001,180.853164833057,6.11643516694278,0.0391351943076073,20.8126424468464,0.00189683666466201,0.305194963014381
"Energy",182.1007,2002,178.677300328405,3.42339967159484,0.0369458128078813,20.8383467286322,0.00055843065138034,0.170624884738311
"Energy",191.1636,2003,176.501435823752,14.6621641762478,0.0358511220580185,20.6350320977765,0.00991747168846456,0.730358614816066
"Energy",191.0974,2004,174.3255713191,16.7718286808999,0.0358511220580187,20.5682597074864,0.0129767413450438,0.835446214901791
"Energy",192.5746,2005,172.149706814448,20.4248931855519,0.036945812807882,20.4302776900908,0.0198780430445211,1.01799245775907
"Energy",200.3975,2006,169.973842309795,30.4236576902049,0.0391351943076084,19.9045611203352,0.0469305921914304,1.51806515234715
"Energy",195.9473,2007,167.797977805143,28.1493221948569,0.0424192665571978,20.0405598254517,0.0438468603292805,1.40698792572095
"Energy",191.5488,2008,165.622113300491,25.926686699509,0.0467980295566503,20.1622338222662,0.0414135065643855,1.2988669977864
"Energy",169.7389,2009,163.446248795838,6.29265120416193,0.0522714833059659,20.8099064789356,0.00275647785467247,0.316156280705669
"Energy",177.0184,2010,161.270384291186,15.748015708814,0.0588396278051446,20.5957103520083,0.0197053698605505,0.79397010634625
"Energy",164.1566,2011,159.094519786533,5.06208021346694,0.0665024630541863,20.8236754384194,0.00233915868127571,0.256261027253753
"Energy",178.4803,2012,156.918655281881,21.561644718119,0.0752599890530911,20.362068499209,0.0489416813941778,1.09668572254914
"Energy",169.292,2013,154.742790777229,14.5492092227711,0.085112205801859,20.6268897816222,0.025746916120445,0.743987434593999
"Energy",148.3472,2014,152.566926272576,-4.219726272576,0.09605911330049,20.8311193538051,0.00250390203192637,-0.217082289220424
"Energy",131.9224,2015,150.391061767924,-18.4686617679239,0.108100711548984,20.4798963983355,0.0554444441763173,-0.956505886939541
"Energy",109.99,2016,148.215197263272,-38.2251972632719,0.121237000547341,19.1888861074262,0.274398282999284,-1.99445380735296
"Energy",100.0195,2017,146.039332758619,-46.0198327586189,0.135467980295561,18.3503773257453,0.45915024785282,-2.42083184047698
"Manufacturing",175.2127,1990,180.43838756614,-5.22568756613967,0.140211640211628,6.36976534103746,0.0643873686973898,-0.888626135420837
"Manufacturing",176.2544,1991,176.386135246237,-0.131735246237241,0.124949124949127,6.4727476908471,3.52033048031089e-05,-0.0222053057788919
"Manufacturing",169.3882,1992,172.333882926335,-2.9456829263348,0.110907610907612,6.44132327136488,0.0151339539702907,-0.492588165242031
"Manufacturing",164.365,1993,168.281630606432,-3.91663060643236,0.0980870980870994,6.41783532831867,0.0229943301385628,-0.650282004494778
"Manufacturing",167.2859,1994,164.22937828653,3.05652171347006,0.0864875864875876,6.43981145713666,0.0120362913250848,0.50424509333927
"Manufacturing",165.3441,1995,160.177125966628,5.1669740333725,0.076109076109077,6.37912610322978,0.0295924181691547,0.847612496242172
"Manufacturing",166.6223,1996,156.124873646725,10.497426353275,0.0669515669515677,6.08081609512745,0.105349115016853,1.71357124079456
"Manufacturing",165.2584,1997,152.072621326823,13.1857786731774,0.0590150590150596,5.84795558676734,0.144052868709512,2.14331432826435
"Manufacturing",155.653,1998,148.02036900692,7.63263099307977,0.0522995522995527,6.27183825235548,0.0421713186687498,1.23626093426525
"Manufacturing",140.6968,1999,143.968116687018,-3.27131668701776,0.0468050468050471,6.4365749932997,0.00685310272984501,-0.528327411551273
"Manufacturing",135.6274,2000,139.915864367116,-4.28846436711621,0.0425315425315427,6.4106911660051,0.0106066598915525,-0.69105241694401
"Manufacturing",128.9313,2001,135.863612047214,-6.9323120472138,0.0394790394790396,6.30972385761365,0.0255635957171044,-1.11531130037753
"Manufacturing",121.4563,2002,131.811359727311,-10.3550597273114,0.0376475376475377,6.10366320794901,0.0541859033050625,-1.66439709636087
"Manufacturing",124.7233,2003,127.759107407409,-3.03580740740891,0.037037037037037,6.44193404974886,0.00457591922452359,-0.487798933655278
"Manufacturing",122.8689,2004,123.706855087506,-0.837955087506487,0.0376475376475376,6.47046269101507,0.000354831841658187,-0.134686815069369
"Manufacturing",121.8717,2005,119.654602767604,2.21709723239596,0.0394790394790394,6.45631919100615,0.00261478035347875,0.356699695640894
"Manufacturing",117.2697,2006,115.602350447702,1.66734955229839,0.0425315425315425,6.46345943683446,0.00160335003620919,0.268680310565889
"Manufacturing",116.4093,2007,111.550098127799,4.85920187220081,0.0468050468050468,6.39258578777574,0.0151207017739133,0.784775609629689
"Manufacturing",108.1342,2008,107.497845807897,0.636354192103255,0.0522995522995523,6.47143609227993,0.000293134184234838,0.103070596334022
"Manufacturing",90.6396,2009,103.445593487994,-12.8059934879943,0.0590150590150591,5.88520889426254,0.135874169073855,-2.08158122555991
"Manufacturing",93.988,2010,99.3933411680919,-5.40534116809187,0.0669515669515671,6.37122661174237,0.0279326049820149,-0.8823531464389
"Manufacturing",90.258,2011,95.3410888481903,-5.08308884819034,0.0761090761090763,6.38216478518267,0.0286393593715556,-0.833851612066431
"Manufacturing",86.7599,2012,91.2888365282879,-4.52893652828791,0.0864875864875868,6.40013589740918,0.0264259244192995,-0.747154522857882
"Manufacturing",89.4429,2013,87.2365842083855,2.20631579161454,0.0980870980870985,6.45541668055902,0.00729677378668211,0.366316765529207
"Manufacturing",88.7972,2014,83.184331888483,5.61286811151697,0.110907610907612,6.35774043978017,0.0549477721495477,0.938604891952784
"Manufacturing",86.0362,2015,79.1320795685806,6.9041204314194,0.124949124949126,6.2950432564853,0.0966932544067607,1.1637592041209
"Manufacturing",80.2012,2016,75.0798272486782,5.12137275132184,0.140211640211641,6.37386990319676,0.0618424332647042,0.870887441788681
"Consumer Exp",143.7421,1990,156.946316748767,-13.2042167487674,0.135467980295636,6.63818097404083,0.315207274578883,-2.00578937874727
"Consumer Exp",152.2236,1991,156.565281116583,-4.34168111658349,0.121237000547336,7.16060524673047,0.0295191573332406,-0.65416192898397
"Consumer Exp",150.5669,1992,156.1842454844,-5.61734548439964,0.108100711548979,7.12159657182927,0.0427716141561055,-0.840110572995926
"Consumer Exp",155.3459,1993,155.803209852216,-0.457309852215786,0.0960591133004855,7.21962924370845,0.000245231401501422,-0.0679365934968056
"Consumer Exp",150.1518,1994,155.422174220032,-5.27037422003195,0.0851122058018549,7.13567540301498,0.0281731584288864,-0.778252922740529
"Consumer Exp",144.6626,1995,155.041138587848,-10.3785385878481,0.0752599890530875,6.89007152828045,0.0945570064141755,-1.52436723008961
"Consumer Exp",159.7926,1996,154.660102955664,5.13249704433576,0.0665024630541831,7.14167584352166,0.0200523486008835,0.750300686378731
"Consumer Exp",153.9218,1997,154.27906732348,-0.357267323480357,0.0588396278051418,7.2198944502763,8.45718238280468e-05,-0.0520145330446924
"Consumer Exp",156.4477,1998,153.898031691297,2.54966830870345,0.0522714833059635,7.20124477940199,0.00377364247267419,0.369917549648459
"Consumer Exp",157.2015,1999,153.516996059113,3.68450394088737,0.0467980295566484,7.18071151481911,0.0069744860116312,0.533027706054009
"Consumer Exp",157.4523,2000,153.135960426929,4.31633957307116,0.0424192665571963,7.16617447665637,0.00859686321045163,0.623004420564974
"Consumer Exp",161.0766,2001,152.754924794745,8.32167520525502,0.0391351943076073,7.01779661801078,0.0292793139496884,1.19906531942291
"Consumer Exp",160.1931,2002,152.373889162561,7.8192108374389,0.0369458128078813,7.04222104719246,0.0242932756148178,1.12538412792515
"Consumer Exp",160.1966,2003,151.992853530377,8.20374646962276,0.0358511220580185,7.02425372101652,0.0258902035792061,1.18005813810422
"Consumer Exp",163.0671,2004,151.611817898193,11.4552821018066,0.0358511220580187,6.83287519501868,0.0504803761238498,1.64777140768202
"Consumer Exp",159.532,2005,151.23078226601,8.30121773399046,0.036945812807882,7.0192697235485,0.0273806554688258,1.19475722991805
"Consumer Exp",157.2649,2006,150.849746633826,6.41515336617428,0.0391351943076084,7.10063982784695,0.0174001687746075,0.92435570127769
"Consumer Exp",153.8224,2007,150.468711001642,3.35368899835817,0.0424192665571978,7.18766179706491,0.0051898449227045,0.484059012458698
"Consumer Exp",153.5342,2008,150.087675369458,3.44652463054203,0.0467980295566503,7.18566851674283,0.00610262845720993,0.498599851472547
"Consumer Exp",149.3327,2009,149.706639737274,-0.373939737274185,0.0522714833059659,7.21986142070345,8.11702001085826e-05,-0.0542528888391476
"Consumer Exp",157.7217,2010,149.32560410509,8.39609589490973,0.0588396278051446,7.00972440972709,0.0467082809657402,1.22238721167509
"Consumer Exp",139.3751,2011,148.944568472906,-9.56946847290646,0.0665024630541863,6.94322402497506,0.0697081347541328,-1.3989250654174
"Consumer Exp",146.3292,2012,148.563532840723,-2.23433284072257,0.0752599890530911,7.20530076957132,0.0043824507427622,-0.328171807107677
"Consumer Exp",148.3472,2013,148.182497208539,0.164702791461366,0.085112205801859,7.22018799185647,2.75140518208454e-05,0.024320935001315
"Consumer Exp",136.1438,2014,147.801461576355,-11.6576615763547,0.09605911330049,6.79106660168332,0.159359460751261,-1.73182758210487
"Consumer Exp",139.9155,2015,147.420425944171,-7.50492594417091,0.108100711548984,7.04317254041126,0.0763459831858869,-1.12241051449647
"Consumer Exp",141.8012,2016,147.039390311987,-5.23819031198707,0.121237000547341,7.13325551249904,0.0429685458485587,-0.789239141904337
"Consumer Exp",141.3033,2017,146.658354679803,-5.3550546798032,0.135467980295561,7.12779747177438,0.0518440310324896,-0.813460730289918
"Water & Waste",75.3163,1990,88.9375343915353,-13.6212343915353,0.140211640211628,5.29166268476237,0.495463096291105,-2.4650424336707
"Water & Waste",76.8527,1991,86.5140964183965,-9.66139641839655,0.124949124949127,5.70513153179252,0.214448912725901,-1.73311333717194
"Water & Waste",76.9591,1992,84.0906584452587,-7.13155844525866,0.110907610907612,5.8829989216597,0.100464791863524,-1.26915514143617
"Water & Waste",77.2756,1993,81.6672204721208,-4.39162047212078,0.0980870980870994,6.00850732375912,0.032742340545465,-0.775972294115218
"Water & Waste",77.6379,1994,79.2437824989829,-1.60588249898292,0.0864875864875876,6.07252225798653,0.00376296201238889,-0.281942309272981
"Water & Waste",78.712,1995,76.820344525845,1.89165547415497,0.076109076109077,6.06891845937285,0.00449217393968297,0.330244356833102
"Water & Waste",79.2094,1996,74.3969065527072,4.81249344729285,0.0669515669515677,5.99657433318294,0.0250766838571509,0.836029825550466
"Water & Waste",77.9827,1997,71.9734685795693,6.00923142043074,0.0590150590150596,5.94929985889394,0.0338854135529819,1.03951630751
"Water & Waste",78.6911,1998,69.5500306064314,9.14106939356861,0.0522995522995527,5.77229456375902,0.0685057844451043,1.57566967582732
"Water & Waste",73.7429,1999,67.1265926332926,6.6163073667074,0.0468050468050471,5.92280411105729,0.0317495806050309,1.13717818401884
"Water & Waste",71.0605,2000,64.7031546601547,6.3573453398453,0.0425315425315427,5.93585330565333,0.0263992277170376,1.09022786963936
"Water & Waste",69.1106,2001,62.2797166870168,6.83088331298316,0.0394790394790396,5.91346218528917,0.0281115019923809,1.16957252479839
"Water & Waste",67.4509,2002,59.856278713879,7.59462128612103,0.0376475376475377,5.87331886239651,0.0330109428910022,1.29910051597686
"Water & Waste",63.3752,2003,57.4328407407411,5.94235925925891,0.037037037037037,5.9552703505122,0.0198569393670085,1.01615001209686
"Water & Waste",58.7125,2004,55.0094027676032,3.70309723239679,0.0376475376475376,6.03319383617314,0.00784830578904835,0.633434551122513
"Water & Waste",56.1049,2005,52.5859647944653,3.51893520553467,0.0394790394790394,6.03787969371893,0.00746024100324524,0.60250625641888
"Water & Waste",52.7395,2006,50.1625268213265,2.57697317867346,0.0425315425315425,6.05839593687035,0.00433769899591216,0.441927853296552
"Water & Waste",49.2626,2007,47.7390888481887,1.52351115181135,0.0468050468050468,6.07385309053378,0.0016834410876925,0.26185356104629
"Water & Waste",43.9349,2008,45.3156508750508,-1.38075087505078,0.0522995522995523,6.07530509850637,0.00156301766450581,-0.238003584703141
"Water & Waste",39.631,2009,42.8922129019129,-3.2612129019129,0.0590150590150591,6.04336110625801,0.0099800619054858,-0.564146020782993
"Water & Waste",34.8351,2010,40.468774928775,-5.63367492877502,0.0669515669515671,5.96454788247114,0.0343647643654083,-0.978686063574958
"Water & Waste",32.8535,2011,38.0453369556371,-5.19183695563714,0.0761090761090763,5.98142940336385,0.0338387702578488,-0.906388546763429
"Water & Waste",31.4699,2012,35.6218989824993,-4.15199898249926,0.0864875864875868,6.01721291403566,0.0251545632131801,-0.728960046557753
"Water & Waste",28.5667,2013,33.1984610093614,-4.63176100936138,0.0980870980870985,6.00017120801616,0.0364210451476215,-0.818403648275985
"Water & Waste",26.6278,2014,30.7750230362226,-4.14722303622259,0.110907610907612,6.01557246367978,0.0339750247496732,-0.73805318704273
"Water & Waste",26.4167,2015,28.3515850630847,-1.93488506308471,0.124949124949126,6.0675272793924,0.00860110775243778,-0.347090106181937
"Water & Waste",26.1547,2016,25.9281470899468,0.226552910053172,0.140211640211641,6.08199513495895,0.000137062190994058,0.0409994073003954
"Transport",66.9853,1990,77.7389359605916,-10.7536359605916,0.135467980295636,8.84526584472598,0.130388259495335,-1.29004973946159
"Transport",67.4386,1991,78.3121592227699,-10.8735592227699,0.121237000547336,8.84349012817966,0.115475125728171,-1.29383087138991
"Transport",68.4385,1992,78.8853824849484,-10.4468824849484,0.108100711548979,8.87099568128535,0.0922621718881182,-1.23387301766164
"Transport",69.7352,1993,79.4586057471267,-9.72340574712675,0.0960591133004855,8.91097665404338,0.0691430713208489,-1.14074890324023
"Transport",70.6592,1994,80.0318290093053,-9.37262900930529,0.0851122058018549,8.93019752440018,0.0555689729542254,-1.09299752027675
"Transport",73.5082,1995,80.6050522714836,-7.09685227148358,0.0752599890530875,9.02278210771083,0.0275746317070168,-0.823185301300068
"Transport",79.1354,1996,81.1782755336621,-2.04287553366214,0.0665024630541831,9.13292629726403,0.00198129219820993,-0.235845169411914
"Transport",88.1592,1997,81.7514987958407,6.40770120415932,0.0588396278051418,9.04677549816368,0.0169668215726119,0.736736356796148
"Transport",93.464,1998,82.324722058019,11.139277941981,0.0522714833059635,8.8516708986527,0.0449225442574211,1.27631164752457
"Transport",91.9415,1999,82.8979453201976,9.04355467980247,0.0467980295566484,8.95305089830644,0.0262053146899074,1.03320944964781
"Transport",94.6077,2000,83.4711685823759,11.1365314176241,0.0424192665571963,8.85485832558423,0.0356915646247664,1.26941584036459
"Transport",98.3978,2001,84.0443918445544,14.3534081554456,0.0391351943076073,8.66098807918727,0.0543258247362322,1.63329848011919
"Transport",95.1354,2002,84.6176151067327,10.5177848932673,0.0369458128078813,8.88788285166016,0.0274135755435722,1.19547524929276
"Transport",95.1013,2003,85.1908383689113,9.91046163108874,0.0358511220580185,8.91708435997922,0.0235643605188603,1.12580584951772
"Transport",97.3438,2004,85.7640616310896,11.5797383689104,0.0358511220580187,8.83323911889495,0.032171060974483,1.31543188167026
"Transport",99.1379,2005,86.3372848932681,12.8006151067319,0.036945812807882,8.76261934635209,0.0406049325714167,1.45494690099783
"Transport",90.9092,2006,86.9105081554467,3.99869184455333,0.0391351943076084,9.10623619713932,0.00421630609943094,0.455017877388004
"Transport",94.8832,2007,87.483731417625,7.39946858237502,0.0424192665571978,9.0167658342426,0.015756753995012,0.843440589938284
"Transport",90.8405,2008,88.0569546798035,2.78354532019647,0.0467980295566503,9.1249124817984,0.00248260505338861,0.31801492114305
"Transport",84.0395,2009,88.6301779419819,-4.59067794198185,0.0522714833059659,9.09393765291345,0.0076296377148704,-0.525988826017482
"Transport",84.3601,2010,89.2034012041604,-4.8433012041604,0.0588396278051446,9.08802536893962,0.00969346275028168,-0.5568668029812
"Transport",87.9181,2011,89.7766244663387,-1.85852446633869,0.0665024630541863,9.13461336644516,0.00163983926245584,-0.214562272834161
"Transport",84.115,2012,90.3498477285173,-6.23484772851727,0.0752599890530911,9.05028659350193,0.021282855344097,-0.723198794285525
"Transport",80.8769,2013,90.9230709906956,-10.0461709906956,0.085112205801859,8.89812236681215,0.0638426120978255,-1.17154322124616
"Transport",85.7059,2014,91.4962942528741,-5.79039425287411,0.09605911330049,9.06120866358329,0.0245204320851333,-0.679328423093558
"Transport",87.1939,2015,92.0695175150527,-4.87561751505267,0.108100711548984,9.08422012429959,0.0200959949091894,-0.575855323818297
"Transport",89.8506,2016,92.642740777231,-2.79214077723097,0.121237000547341,9.12328361917878,0.00761411826021912,-0.332233251397835
"Transport",83.4867,2017,93.2159640394095,-9.72926403940953,0.135467980295561,8.8999732558322,0.106730318856122,-1.16716193343279
"Agriculture",55.6903,1990,56.1202415343917,-0.429941534391652,0.140211640211628,1.17632800490095,0.0131117052258225,-0.401003655862163
"Agriculture",55.4926,1991,55.8762380545381,-0.383638054538139,0.124949124949127,1.17715657449777,0.00898151082101407,-0.354682481898023
"Agriculture",55.149,1992,55.6322345746847,-0.483234574684673,0.110907610907612,1.17548378813785,0.0122524514422238,-0.44321991290623
"Agriculture",54.3199,1993,55.3882310948312,-1.06833109483121,0.0980870980870994,1.15757433147328,0.0514675921321804,-0.972877769761197
"Agriculture",55.1297,1994,55.1442276149777,-0.0145276149776947,0.0864875864875876,1.18012543854285,8.17999313899052e-06,-0.0131453394471515
"Agriculture",55.0619,1995,54.9002241351242,0.161675864875768,0.076109076109077,1.17962995356956,0.000871615329415432,0.145468698427432
"Agriculture",56.3436,1996,54.6562206552707,1.68737934472928,0.0669515669515677,1.12497001397402,0.0818874321603414,1.51075953935286
"Agriculture",55.81,1997,54.4122171754173,1.39778282458275,0.0590150590150596,1.14288750885707,0.048698582942021,1.24618659012454
"Agriculture",55.9508,1998,54.1682136955638,1.7825863044362,0.0522995522995527,1.11937414311708,0.0691984483107784,1.58361546098624
"Agriculture",56.1761,1999,53.9242102157103,2.25188978428973,0.0468050468050471,1.08214534773702,0.0976928776103252,1.99476148454714
"Agriculture",54.1336,2000,53.6802067358568,0.453393264143195,0.0425315425315427,1.1763332756574,0.00356657807565101,0.400726013928021
"Agriculture",51.9556,2001,53.4362032560034,-1.48060325600335,0.0394790394790396,1.13912699920941,0.035080817910852,-1.3065318084087
"Agriculture",51.4955,2002,53.1921997761498,-1.69669977614983,0.0376475376475377,1.12608331034689,0.0437640678819836,-1.49579691139883
"Agriculture",51.9504,2003,52.9481962962964,-0.997796296296372,0.037037037037037,1.16173445386841,0.0148710032561013,-0.87937032547003
"Agriculture",52.8134,2004,52.7041928164429,0.109207183557089,0.0376475376475376,1.17991072197092,0.000181305129587994,0.0962761769427944
"Agriculture",52.934,2005,52.4601893365894,0.473810663410603,0.0394790394790394,1.17599625347583,0.00359254296959131,0.41810572845849
"Agriculture",51.8998,2006,52.2161858567359,-0.316385856735927,0.0425315425315425,1.17828246673599,0.0017367436932505,-0.279633715936501
"Agriculture",51.4731,2007,51.9721823768825,-0.499082376882477,0.0468050468050468,1.17550737654113,0.00479858409547282,-0.442095483520833
"Agriculture",51.2407,2008,51.728178897029,-0.487478897028957,0.0522995522995523,1.17569459033298,0.00517495841992946,-0.433066896294599
"Agriculture",50.4428,2009,51.4841754171755,-1.04137541717549,0.0590150590150591,1.15960589639119,0.0270303436740684,-0.928433271139007
"Agriculture",50.5021,2010,51.240171937322,-0.738071937321976,0.0669515669515671,1.16977734919556,0.0156671204240295,-0.660817156213694
"Agriculture",49.6474,2011,50.9961684574685,-1.34876845746852,0.0761090761090763,1.14484165997065,0.0606609595555578,-1.2135614189451
"Agriculture",50.3688,2012,50.7521649776151,-0.383364977615052,0.0864875864875868,1.17728595282013,0.00569625164969634,-0.346888513404094
"Agriculture",49.2991,2013,50.5081614977615,-1.20906149776154,0.0980870980870985,1.1511611161356,0.0659202574965016,-1.10103418232181
"Agriculture",51.1492,2014,50.2641580179081,0.885041982091927,0.110907610907612,1.1644728103024,0.0410993292736216,0.811755306368965
"Agriculture",51.7745,2015,50.0201545380546,1.75434546194539,0.124949124949126,1.11631345138054,0.187817594124945,1.62193399530858
"Agriculture",51.3974,2016,49.7761510582011,1.6212489417989,0.140211640211641,1.12486756414539,0.18644029615196,1.51212827959109
"Mining",50.4528,1990,52.4060193121695,-1.95321931216952,0.140211640211628,1.7942187846465,0.110713043754796,-1.16524739004719
"Mining",50.6083,1991,51.0864645502647,-0.478164550264736,0.124949124949127,1.842068931858,0.00570843666975046,-0.28276368559101
"Mining",51.1993,1992,49.76690978836,1.43239021164005,0.110907610907612,1.8187775068761,0.0440439314482981,0.840331818467473
"Mining",50.8071,1993,48.4473550264552,2.35974497354483,0.0980870980870994,1.7739378913412,0.102732687672002,1.37450296072988
"Mining",44.5884,1994,47.1278002645504,-2.53940026455039,0.0864875864875876,1.76351263844032,0.102254638164469,-1.46972757895155
"Mining",46.4514,1995,45.8082455026456,0.643154497354395,0.076109076109077,1.83995919853476,0.00564314869886098,0.370141576417276
"Mining",46.6336,1996,44.4886907407408,2.14490925925918,0.0669515669515677,1.78847889632896,0.0541334918595284,1.22834323929898
"Mining",45.7612,1997,43.169135978836,2.59206402116396,0.0590150590150596,1.76255432926492,0.0685148594200881,1.47814587950344
"Mining",44.3993,1998,41.8495812169313,2.54971878306875,0.0522995522995527,1.76586484914085,0.0579210185103382,1.44883740646449
"Mining",40.5016,1999,40.5300264550265,-0.0284264550264766,0.0468050468050471,1.84501210750797,6.36898823136797e-06,-0.0161062615087715
"Mining",38.3356,2000,39.2104716931217,-0.87487169312169,0.0425315425315427,1.8359729457793,0.00543308796440541,-0.494589664852804
"Mining",38.2106,2001,37.8909169312169,0.319683068783092,0.0394790394790396,1.84381988275608,0.000669095300890962,0.180438464257375
"Mining",36.7225,2002,36.5713621693121,0.151137830687873,0.0376475376475377,1.84475363905021,0.000142072638235649,0.0852253931335709
"Mining",34.0924,2003,35.2518074074073,-1.15940740740734,0.037037037037037,1.82919145922286,0.00821457376009409,-0.653573129439157
"Mining",32.9093,2004,33.9322526455026,-1.02295264550256,0.0376475376475376,1.83270236616529,0.00650841348237831,-0.576834674503808
"Mining",30.7382,2005,32.6126978835978,-1.87449788359778,0.0394790394790394,1.80324195208346,0.0230048082420901,-1.05802137303586
"Mining",28.2917,2006,31.293143121693,-3.00144312169299,0.0425315425315425,1.7355317027857,0.0639467154161342,-1.69680052435568
"Mining",27.7704,2007,29.9735883597882,-2.20318835978821,0.0468050468050468,1.78659512713161,0.0382585314824782,-1.24831351087195
"Mining",27.0883,2008,28.6540335978834,-1.56573359788343,0.0522995522995523,1.81557737881405,0.0218417466485289,-0.889703374441066
"Mining",27.0568,2009,27.3344788359786,-0.277678835978641,0.0590150590150591,1.84409619551321,0.000786282995167744,-0.15834864566466
"Mining",26.6619,2010,26.0149240740739,0.646975925926142,0.0669515669515671,1.83994912498234,0.0049252064049936,0.370509149125891
"Mining",24.2057,2011,24.6953693121691,-0.489669312169074,0.0761090761090763,1.8420888446265,0.00327112128771476,-0.281809381532836
"Mining",22.3792,2012,23.3758145502643,-0.996614550264294,0.0864875864875868,1.83270341647176,0.0157498035877939,-0.576810166776707
"Mining",21.0969,2013,22.0562597883595,-0.95935978835951,0.0980870980870985,1.83346273324965,0.0169801504091218,-0.558807364477513
"Mining",21.0869,2014,20.7367050264547,0.350194973545268,0.110907610907612,1.84346351424375,0.00263258986708876,0.205446795535087
"Mining",22.4023,2015,19.4171502645499,2.98514973545006,0.124949124949126,1.72620701916533,0.222481895800673,1.76527503088538
"Mining",21.3471,2016,18.0975955026452,3.24950449735483,0.140211640211641,1.70070164075508,0.306429841193721,1.9385824269194
"Other Sectors",25.4981,1990,27.5379071428572,-2.0398071428572,0.140211640211628,1.18983410810713,0.25414137130162,-1.76545408850105
"Other Sectors",27.2566,1991,27.3189211233212,-0.0623211233212189,0.124949124949127,1.27167593153206,0.000204095468708962,-0.0534664958090524
"Other Sectors",27.0038,1992,27.0999351037852,-0.096135103785187,0.110907610907612,1.27157834801426,0.000417568538010856,-0.0818222944107534
"Other Sectors",26.2124,1993,26.8809490842492,-0.66854908424915,0.0980870980870994,1.26360437080907,0.0173558340330032,-0.56495531507015
"Other Sectors",25.8664,1994,26.6619630647131,-0.795563064713118,0.0864875864875876,1.26034763402677,0.0211237150604531,-0.668006188440418
"Other Sectors",25.837,1995,26.4429770451771,-0.605977045177088,0.076109076109077,1.26522086902534,0.0105439563623724,-0.505951541111183
"Other Sectors",27.9294,1996,26.2239910256411,1.70540897435895,0.0669515669515677,1.21961666052197,0.0720287143684014,1.41690114238413
"Other Sectors",26.5953,1997,26.0050050061051,0.590294993894918,0.0590150590150596,1.26566795867862,0.00747879974376978,0.488360875718308
"Other Sectors",27.3699,1998,25.786018986569,1.58388101343095,0.0522995522995527,1.22761877100966,0.0470432275464201,1.30572016202064
"Other Sectors",27.5763,1999,25.567032967033,2.00926703296699,0.0468050468050471,1.20036242772023,0.0669731518033039,1.65161908190424
"Other Sectors",26.7971,2000,25.348046947497,1.44905305250301,0.0425315425315427,1.23530096047983,0.0313708986681699,1.18846158542705
"Other Sectors",27.1565,2001,25.1290609279609,2.02743907203905,0.0394790394790396,1.19959737379142,0.0566427999885454,1.6601888351976
"Other Sectors",23.4932,2002,24.910074908425,-1.41687490842497,0.0376475376475377,1.23710348538508,0.0262801280104055,-1.15911767637662
"Other Sectors",23.4571,2003,24.6910888888889,-1.23398888888894,0.037037037037037,1.24557509550218,0.0195855499917747,-1.00918214390282
"Other Sectors",24.0172,2004,24.4721028693529,-0.45490286935291,0.0376475376475376,1.26822117318672,0.00270895511951895,-0.37214714846459
"Other Sectors",25.3421,2005,24.2531168498169,1.08898315018313,0.0394790394790394,1.25136000266327,0.016341480866318,0.89172478353892
"Other Sectors",23.354,2006,24.0341308302808,-0.680130830280845,0.0425315425315425,1.26380946388961,0.00691103848513247,-0.557819027714086
"Other Sectors",22.6595,2007,23.8151448107448,-1.15564481074481,0.0468050468050468,1.24858549211703,0.0221551230972082,-0.949940943644133
"Other Sectors",24.4627,2008,23.5961587912088,0.866541208791165,0.0522995522995523,1.25870201689261,0.0140809010266989,0.714359423432615
"Other Sectors",22.0182,2009,23.3771727716728,-1.3589727716728,0.0590150590150591,1.23918048993503,0.0396383177603662,-1.12430079827093
"Other Sectors",23.1668,2010,23.1581867521368,0.00861324786322726,0.0669515669515671,1.2717473411783,1.83731011197203e-06,0.00715612555145286
"Other Sectors",20.9825,2011,22.9392007326007,-1.95670073260074,0.0761090761090763,1.20194617983371,0.109936034850745,-1.63371823905215
"Other Sectors",22.7049,2012,22.7202147130647,-0.0153147130647078,0.0864875864875868,1.27174443778281,7.8277834919046e-06,-0.0128592233038089
"Other Sectors",23.1419,2013,22.5012286935287,0.640671306471269,0.0980870980870985,1.26427139156072,0.0159385731370905,0.541397286050342
"Other Sectors",21.0859,2014,22.2822426739927,-1.1963426739927,0.110907610907612,1.24509870720122,0.0646658452963524,-1.01822849961603
"Other Sectors",22.3849,2015,22.0632566544567,0.321643345543336,0.124949124949126,1.26981041781947,0.00543640694522766,0.275944040640629
"Other Sectors",23.2897,2016,21.8442706349206,1.44542936507936,0.140211640211641,1.23129832524874,0.127611819094135,1.25101982859259
"Public Admin",12.0584,1990,12.5339473544974,-0.475547354497401,0.140211640211628,0.481350711923469,0.0920646490702029,-1.06258870347274
"Public Admin",11.3812,1991,12.2497337403338,-0.868533740333794,0.124949124949127,0.454685028769133,0.264207058162087,-1.92369956929067
"Public Admin",11.5234,1992,11.9655201261702,-0.442120126170192,0.110907610907612,0.483215570586987,0.0588643767546185,-0.971480402595567
"Public Admin",11.7109,1993,11.6813065120066,0.029593487993413,0.0980870980870994,0.492562074503315,0.000226662363408574,0.0645626073525608
"Public Admin",11.0713,1994,11.397092897843,-0.325792897842982,0.0864875864875876,0.487664440098236,0.0236108983358246,-0.70623882855761
"Public Admin",11.0795,1995,11.1128792836793,-0.033379283679265,0.076109076109077,0.492552137321981,0.00021323254389396,-0.0719505084387266
"Public Admin",10.8901,1996,10.8286656695157,0.0614343304843405,0.0669515669515677,0.492432040866776,0.000622987085695981,0.131772941582209
"Public Admin",10.4627,1997,10.5444520553521,-0.0817520553520552,0.0590150590150596,0.492302667588946,0.000956091097127714,-0.174612185716854
"Public Admin",10.028,1998,10.2602384411884,-0.23223844118845,0.0522995522995527,0.490190330086875,0.00674106368032891,-0.494271728219856
"Public Admin",10.2604,1999,9.97602482702484,0.284375172975155,0.0468050468050471,0.489001890109098,0.00894163599634081,0.60348713474173
"Public Admin",10.0463,2000,9.69181121286124,0.354488787138759,0.0425315425315427,0.487020885458884,0.0125132926725979,0.750598115728801
"Public Admin",9.9215,2001,9.40759759869763,0.513902401302365,0.0394790394790396,0.480834261754488,0.0242559670166247,1.08641168706832
"Public Admin",9.6295,2002,9.12338398453403,0.50611601546597,0.0376475376475377,0.481214363504027,0.0223497581356299,1.06893231006278
"Public Admin",9.5185,2003,8.83917037037043,0.679329629629573,0.037037037037037,0.471899982334951,0.0395623970430515,1.4343098152905
"Public Admin",9.6054,2004,8.55495675620671,1.05044324379329,0.0376475376475376,0.44145549834957,0.0962759585673434,2.21856785571956
"Public Admin",8.4932,2005,8.2707431420431,0.222456857956896,0.0394790394790394,0.490419356999136,0.00454515708068938,0.470283325667151
"Public Admin",8.4865,2006,7.9865295278795,0.4999704721205,0.0425315425315425,0.481435102241882,0.0248917430518593,1.05864249564191
"Public Admin",8.3602,2007,7.70231591371589,0.657884086284106,0.0468050468050468,0.473010068471771,0.0478555588778785,1.39612954981288
"Public Admin",7.647,2008,7.41810229955229,0.228897700447712,0.0522995522995523,0.490259411986403,0.00654851872303696,0.487161649065781
"Public Admin",6.9385,2009,7.13388868538868,-0.195388685388683,0.0590150590150591,0.490884300351528,0.00546135912500302,-0.417325843040018
"Public Admin",6.9077,2010,6.84967507122508,0.0580249287749224,0.0669515669515671,0.492450507942083,0.000555758375901122,0.124459980103874
"Public Admin",6.2993,2011,6.56546145706147,-0.266161457061474,0.0761090761090763,0.489349515306848,0.0135578178204712,-0.573722682198632
"Public Admin",6.2172,2012,6.28124784289787,-0.0640478428978692,0.0864875864875868,0.492413192609347,0.000912511404484801,-0.138839961949124
"Public Admin",5.6967,2013,5.99703422873426,-0.300334228734265,0.0980870980870985,0.488355154922067,0.0233451550983783,-0.655223909009592
"Public Admin",5.057,2014,5.71282061457055,-0.655820614570546,0.110907610907612,0.471700648301548,0.129521572131361,-1.44104924648535
"Public Admin",4.6931,2015,5.42860700040694,-0.735507000406942,0.124949124949126,0.46572400818209,0.189471829205137,-1.62906106485794
"Public Admin",4.6741,2016,5.14439338624334,-0.470293386243337,0.140211640211641,0.481600803023843,0.0900415794752336,-1.05084895292619
"Retail & Auto",11.5608,1990,11.53375,0.0270500000000009,0.140211640211628,0.576795888061466,0.000217241933992192,0.0516167402081517
"Retail & Auto",11.9841,1991,11.7493282051282,0.234771794871778,0.124949124949127,0.574547170886129,0.0140788320015146,0.444066849468023
"Retail & Auto",11.7899,1992,11.9649064102564,-0.17500641025639,0.110907610907612,0.575581125878842,0.0067264149042332,-0.328397313159311
"Retail & Auto",12.0329,1993,12.1804846153846,-0.147584615384615,0.0980870980870994,0.575953735027126,0.00411124195519792,-0.274965288985794
"Retail & Auto",12.4031,1994,12.3960628205128,0.00703717948716154,0.0864875864875876,0.576824667594756,8.0339717753635e-06,0.0130274821366861
"Retail & Auto",12.5606,1995,12.6116410256411,-0.0510410256410641,0.076109076109077,0.576724773446327,0.000363615182103114,-0.0939567805622686
"Retail & Auto",12.8258,1996,12.8272192307692,-0.00141923076923156,0.0669515669515677,0.576826547556238,2.4247478366274e-07,-0.00259968069478831
"Retail & Auto",12.6317,1997,13.0427974358975,-0.411097435897457,0.0590150590150596,0.57030308910328,0.0176317414713827,-0.749846754751621
"Retail & Auto",12.9264,1998,13.2583756410257,-0.331975641025682,0.0522995522995527,0.572611168792992,0.0100456122313168,-0.60337840151784
"Retail & Auto",13.4645,1999,13.4739538461538,-0.00945384615384981,0.0468050468050471,0.576823239031957,7.20699881406872e-06,-0.0171331315052083
"Retail & Auto",13.7741,2000,13.6895320512821,0.0845679487179289,0.0425315425315427,0.576556788105215,0.000519376086601903,0.152919420487769
"Retail & Auto",13.7381,2001,13.9051102564103,-0.167010256410297,0.0394790394790396,0.575776869766817,0.00186830314331199,-0.301514917933455
"Retail & Auto",13.5447,2002,14.1206884615385,-0.575988461538463,0.0376475376475377,0.564238187379378,0.0211107660856491,-1.03888096146655
"Retail & Auto",14.2026,2003,14.3362666666667,-0.13366666666669,0.037037037037037,0.576156119626176,0.00111704708116929,-0.2410113030976
"Retail & Auto",14.4618,2004,14.5518448717949,-0.0900448717949125,0.0376475376475376,0.576522248498573,0.000515934292179795,-0.162409334963975
"Retail & Auto",14.7531,2005,14.7674230769231,-0.0143230769230822,0.0394790394790394,0.57681891147901,1.37414862476301e-05,-0.0258584200506054
"Retail & Auto",15.013,2006,14.9830012820513,0.0299987179486951,0.0425315425315425,0.576792678074027,6.53545376008958e-05,0.0542449785484753
"Retail & Auto",15.6568,2007,15.1985794871795,0.458220512820469,0.0468050468050468,0.568815247970893,0.016931149460991,0.830429454508626
"Retail & Auto",16.2974,2008,15.4141576923077,0.883242307692303,0.0522995522995523,0.546287723100421,0.0711088575523361,1.60532661409085
"Retail & Auto",16.4832,2009,15.6297358974359,0.853464102564079,0.0590150590150591,0.548156432222948,0.0759934552533639,1.55672896914975
"Retail & Auto",17.0242,2010,15.8453141025641,1.17888589743585,0.0669515669515671,0.52025630253949,0.167303138843696,2.15942817433494
"Retail & Auto",16.7679,2011,16.0608923076924,0.707007692307631,0.0761090761090763,0.556943189083716,0.0697672332687191,1.30146613959537
"Retail & Auto",16.946,2012,16.2764705128205,0.669529487179464,0.0864875864875868,0.558822604480679,0.0727231133322216,1.23945729252451
"Retail & Auto",16.5088,2013,16.4920487179488,0.0167512820512385,0.0980870980870985,0.576815388554681,5.29647544688198e-05,0.0312093580899903
"Retail & Auto",15.8655,2014,16.707626923077,-0.842126923076986,0.110907610907612,0.547260319624866,0.155750999848247,-1.58024050931866
"Retail & Auto",15.9128,2015,16.9232051282052,-1.01040512820515,0.124949124949126,0.533025904257835,0.260774949360373,-1.91116408260781
"Retail & Auto",15.9494,2016,17.1387833333334,-1.18938333333338,0.140211640211641,0.513978285780483,0.420003412038562,-2.26957820794577
"Construction",8.2012,1990,8.54921746031745,-0.34801746031745,0.140211640211628,0.571684642274511,0.0359632039966813,-0.664122098882046
"Construction",8.072,1991,8.61473492063489,-0.542734920634889,0.124949124949127,0.564505887731881,0.0752484408965822,-1.02662962669511
"Construction",8.1883,1992,8.68025238095235,-0.491952380952354,0.110907610907612,0.566878159950097,0.0531580523911395,-0.923192567697979
"Construction",8.2751,1993,8.74576984126982,-0.470669841269819,0.0980870980870994,0.56785432513606,0.0418187253944059,-0.876953872914611
"Construction",8.6338,1994,8.81128730158729,-0.177487301587286,0.0864875864875876,0.575548402615855,0.00511110504749608,-0.328588786878315
"Construction",8.6953,1995,8.87680476190475,-0.181504761904749,0.076109076109077,0.575505917341579,0.00459860871401092,-0.334133755612362
"Construction",8.9238,1996,8.94232222222219,-0.0185222222221881,0.0669515669515677,0.576782008111746,4.13041712903441e-05,-0.03392998560564
"Construction",9.2636,1997,9.00783968253965,0.255760317460345,0.0590150590150596,0.574278950332554,0.0068252597823169,0.466535294399285
"Construction",9.2077,1998,9.07335714285712,0.134342857142881,0.0522995522995527,0.576107026066136,0.00164528191030108,0.244186537363047
"Construction",9.2465,1999,9.13887460317459,0.107625396825412,0.0468050468050471,0.576356202298955,0.000934144603146906,0.19505926236916
"Construction",9.4405,2000,9.20439206349205,0.236107936507951,0.0425315425315427,0.574688467909295,0.00404891552825158,0.426963772209274
"Construction",9.5667,2001,9.26990952380952,0.296790476190484,0.0394790394790396,0.57347341970998,0.00590076295095663,0.535845041538497
"Construction",9.6086,2002,9.33542698412695,0.273173015873045,0.0376475376475377,0.573987679002777,0.0047489676313699,0.492734980889192
"Construction",9.7915,2003,9.40094444444442,0.390555555555579,0.037037037037037,0.57104535016891,0.00953757728756574,0.704240029360316
"Construction",10.1706,2004,9.46646190476189,0.704138095238115,0.0376475376475376,0.55787620362436,0.0315529011587115,1.27008690734584
"Construction",10.152,2005,9.53197936507935,0.620020634920648,0.0394790394790394,0.562153641378028,0.0257525674918564,1.1194260245081
"Construction",10.3097,2006,9.59749682539682,0.712203174603184,0.0425315425315425,0.557332270695335,0.0368404863852505,1.28790653336537
"Construction",10.7857,2007,9.66301428571425,1.12268571428575,0.0468050468050468,0.52687416020717,0.10164849912372,2.03474508582986
"Construction",10.7844,2008,9.72853174603172,1.05586825396828,0.0522995522995523,0.53261326277588,0.101632036195073,1.91918512328421
"Construction",9.5046,2009,9.79404920634919,-0.289449206349186,0.0590150590150591,0.573570399008846,0.00874173400639837,-0.527987578521509
"Construction",9.6826,2010,9.85956666666665,-0.176966666666651,0.0669515669515671,0.575581696261625,0.00377042818771321,-0.32417689306606
"Construction",9.2353,2011,9.92508412698412,-0.689784126984119,0.0761090761090763,0.557883991450032,0.0664166251006104,-1.26982982976471
"Construction",9.4268,2012,9.99060158730158,-0.563801587301583,0.0864875864875868,0.564087030303642,0.0515742382380816,-1.04378667067839
"Construction",9.0339,2013,10.056119047619,-1.02221904761902,0.0980870980870985,0.53330942001229,0.197254076629257,-1.9046024923927
"Construction",9.236,2014,10.1216365079365,-0.885636507936486,0.110907610907612,0.543998823052971,0.17227963735173,-1.6619759827692
"Construction",9.9715,2015,10.187153968254,-0.215653968253951,0.124949124949126,0.574872448844061,0.0118805591911071,-0.407927967238389
"Construction",10.4178,2016,10.2526714285714,0.165128571428584,0.140211640211641,0.57564866278371,0.00809656407446081,0.315115032856361
